,SPY_Return,US_Corp_Return,TreasInd_Return,Cash_Return
SPY_Return,0.001740638647747912,-3.841915499387396e-05,-2.1038963001800902e-05,-3.592689810171442e-07
US_Corp_Return,-3.841915499387396e-05,0.00010752973752219083,1.1180323812050339e-05,1.1847524206337205e-07
TreasInd_Return,-2.1038963001800902e-05,1.1180323812050339e-05,6.447355188848391e-06,2.991538653630939e-08
Cash_Return,-3.592689810171442e-07,1.1847524206337205e-07,2.991538653630939e-08,6.239467231421261e-09
