,SPY_Return,US_Corp_Return,TreasInd_Return,Cash_Return
SPY_Return,0.0015802892265602147,-5.124241520549553e-06,-1.4000198241636306e-05,-1.5435773012400513e-07
US_Corp_Return,-5.124241520549553e-06,0.00010545795684574432,9.034020653349785e-06,1.1595282689300678e-07
TreasInd_Return,-1.4000198241636306e-05,9.034020653349785e-06,5.568700880071479e-06,3.013424162839212e-08
Cash_Return,-1.5435773012400513e-07,1.1595282689300678e-07,3.013424162839212e-08,5.617788688650933e-09
