,SPY_Return,US_Corp_Return,TreasInd_Return,Cash_Return
SPY_Return,0.016165161823124146,0.00046788588166841853,9615.475187442842,640.8716030674858
US_Corp_Return,0.00046788588166841853,0.0029393012875183837,-3939.3776101878966,-95.31912811499596
TreasInd_Return,9615.475187442842,-3939.3776101878966,174792593570.5524,4594159925.656176
Cash_Return,640.8716030674858,-95.31912811499596,4594159925.656176,153625071.97779578
