,SPY_Return,US_Corp_Return,TreasInd_Return,Cash_Return
SPY_Return,0.014564911398349662,0.0008543677174294708,-0.0011844979770546306,-0.0004900808891252082
US_Corp_Return,0.0008543677174294708,0.00263297897900797,0.0013725793715328367,-0.00010731690004689442
TreasInd_Return,-0.0011844979770546306,0.0013725793715328367,0.0011104840885419664,8.616635755064705e-05
Cash_Return,-0.0004900808891252082,-0.00010731690004689442,8.616635755064705e-05,0.00027301331046292063
