,SPY_Return,US_Corp_Return,TreasInd_Return,Cash_Return
SPY_Return,0.0008942520486153274,1.1879767999615659e-06,-1.028114776727592e-05,-1.9423566419539175e-07
US_Corp_Return,1.1879767999615659e-06,0.00011612853283971626,8.698091159022144e-06,-3.433970188168944e-08
TreasInd_Return,-1.028114776727592e-05,8.698091159022144e-06,4.543612086845427e-06,-3.736356305713879e-08
Cash_Return,-1.9423566419539175e-07,-3.433970188168944e-08,-3.736356305713879e-08,4.90315085706394e-09
