,SPY_Return,US_Corp_Return,TreasInd_Return,Cash_Return
SPY_Return,0.010442278455000086,0.0015169242596685664,-7243.797192733049,-285.46905702487624
US_Corp_Return,0.0015169242596685664,0.0009516124375172378,-319.7950852156262,-14.046761294064924
TreasInd_Return,-7243.797192733049,-319.7950852156262,55275074441.84812,2050268221.5245326
Cash_Return,-285.46905702487624,-14.046761294064924,2050268221.5245326,76718672.30917676
