,SPY_Return,US_Corp_Return,TreasInd_Return,Cash_Return
SPY_Return,0.009615612723769502,0.0012588290064516692,-2.6323642737792194e-05,4.7723958161622923e-05
US_Corp_Return,0.0012588290064516692,0.0010316011195331258,0.0002563634947495574,1.3474834035247146e-05
TreasInd_Return,-2.6323642737792194e-05,0.0002563634947495574,0.00012013716746628242,-9.731496166810544e-06
Cash_Return,4.7723958161622923e-05,1.3474834035247146e-05,-9.731496166810544e-06,1.0552614978548474e-05
