,SPY_Return,US_Corp_Return,TreasInd_Return,Cash_Return
SPY_Return,0.1904151086409677,0.007168901231594744,-0.0007090665452298276,-5.293061912336533e-06
US_Corp_Return,0.007168901231594744,0.016326774408078,0.0011728899098157031,-5.602502988823172e-06
TreasInd_Return,-0.0007090665452298276,0.0011728899098157031,0.000620388802476184,-3.2311796817267373e-06
Cash_Return,-5.293061912336533e-06,-5.602502988823172e-06,-3.2311796817267373e-06,6.967831010548359e-07
