,SPY_Return,US_Corp_Return,TreasInd_Return,Cash_Return
SPY_Return,0.0010317827373917475,2.8931891839661584e-05,-5.718852925197045e-06,-7.7112817284593e-08
US_Corp_Return,2.8931891839661584e-05,0.00011070871606537706,7.947089085613376e-06,-2.4033571127324177e-08
TreasInd_Return,-5.718852925197045e-06,7.947089085613376e-06,4.287496177055882e-06,-2.2354528766449938e-08
Cash_Return,-7.7112817284593e-08,-2.4033571127324177e-08,-2.2354528766449938e-08,4.821768656714143e-09
