,Normal,Strong,Weak
1,0.4158357683153835,0.3992754023922108,0.18488882929240566
