,Normal,Strong,Weak
1,0.33368872442382264,0.5913605372104286,0.07495073836574875
