,Normal,Strong,Weak
1,0.5376055343263376,0.34514484430724945,0.11724962136641291
