,Normal,Strong,Weak
1,0.6995878577460591,0.1260018143460779,0.174410327907863
