,Normal,Strong,Weak
1,0.5328233246423203,0.3560327975154528,0.11114387784222686
