,Normal,Strong,Weak
1,0.5039003347227886,0.3546167305832126,0.14148293469399878
