,Normal,Strong,Weak
1,0.40957065096588197,0.40655739551876185,0.18387195351535615
