,Normal,Strong,Weak
1,0.3864680071003839,0.333812476258188,0.2797195166414282
