,Normal,Strong,Weak
1,0.5459592351349359,0.33785063150653816,0.11619013335852581
