,SPY_Return,US_Corp_Return,TreasInd_Return,Cash_Return
SPY_Return,0.032206831133134786,0.0197779082771011,0.005617455467015931,-0.0004589073839043632
US_Corp_Return,0.0197779082771011,0.013479601696851725,0.0036339268650233177,-0.0004884578080434419
TreasInd_Return,0.005617455467015931,0.0036339268650233177,0.001107201632679919,-0.00010030035055727892
Cash_Return,-0.0004589073839043632,-0.0004884578080434419,-0.00010030035055727892,6.837926516753747e-05
