,SPY_Return,US_Corp_Return,TreasInd_Return,Cash_Return
SPY_Return,0.0023918680575234375,0.0002581101464110911,-6.950961624916044e-06,-4.7627131511707893e-07
US_Corp_Return,0.0002581101464110911,0.0003047585895025222,3.663516938238476e-07,3.807102833837323e-07
TreasInd_Return,-6.950961624916044e-06,3.663516938238476e-07,5.4904314714340065e-06,9.77730549629128e-09
Cash_Return,-4.7627131511707893e-07,3.807102833837323e-07,9.77730549629128e-09,9.094240814615136e-09
