,SPY_Return,US_Corp_Return,TreasInd_Return,Cash_Return
SPY_Return,0.4128209733898021,0.016354880946587814,-0.0006983873878987495,-9.613807282442593e-05
US_Corp_Return,0.016354880946587814,0.03875201138598096,0.00018862388542192278,4.363406263780666e-05
TreasInd_Return,-0.0006983873878987495,0.00018862388542192278,0.0007986500370033066,1.476417806771399e-06
Cash_Return,-9.613807282442593e-05,4.363406263780666e-05,1.476417806771399e-06,1.3147156838859026e-06
