,SPY_Return,US_Corp_Return,TreasInd_Return,Cash_Return
SPY_Return,0.0027855708473885437,0.00032046796466136387,-7.261030924534327e-06,-5.917288955889417e-07
US_Corp_Return,0.00032046796466136387,0.0003455867739784199,-5.248169606256454e-07,4.20267710523201e-07
TreasInd_Return,-7.261030924534327e-06,-5.248169606256454e-07,5.933856500835675e-06,7.523052653584948e-09
Cash_Return,-5.917288955889417e-07,4.20267710523201e-07,7.523052653584948e-09,1.023195507261135e-08
